project_id,event_type,status,source,source_url,created_at
5815,project_changed,STMG accettate,terna_econnextion,https://dati.terna.it/download-center,2026-04-29T14:53:49.780787
5815,project_changed,Progetti in valutazione,terna_econnextion,https://dati.terna.it/download-center,2026-04-29T14:53:49.779262
5815,project_changed,STMG da accettare,terna_econnextion,https://dati.terna.it/download-center,2026-04-29T14:53:49.777673
5815,project_changed,STMG da accettare,terna_econnextion,https://dati.terna.it/download-center,2026-04-29T14:53:49.775907
5815,project_changed,STMD/Contratti,terna_econnextion,https://dati.terna.it/download-center,2026-04-29T14:53:49.774265
5815,project_changed,STMG accettate,terna_econnextion,https://dati.terna.it/download-center,2026-04-29T14:53:49.772631
5815,project_changed,Progetti in valutazione,terna_econnextion,https://dati.terna.it/download-center,2026-04-29T14:53:49.771126
5815,project_changed,Progetti in valutazione,terna_econnextion,https://dati.terna.it/download-center,2026-04-29T14:53:49.769609
5815,project_changed,Progetti con nulla osta,terna_econnextion,https://dati.terna.it/download-center,2026-04-29T14:53:49.767856
5815,project_changed,Progetti con nulla osta,terna_econnextion,https://dati.terna.it/download-center,2026-04-29T14:53:49.766265
5815,project_changed,STMD/Contratti,terna_econnextion,https://dati.terna.it/download-center,2026-04-29T14:53:49.764654
5815,project_changed,STMD/Contratti,terna_econnextion,https://dati.terna.it/download-center,2026-04-29T14:53:49.763063
5815,project_changed,Progetti con nulla osta,terna_econnextion,https://dati.terna.it/download-center,2026-04-29T14:53:49.760891
5815,project_changed,STMD/Contratti,terna_econnextion,https://dati.terna.it/download-center,2026-04-29T14:53:49.759231
5815,project_changed,STMG da accettare,terna_econnextion,https://dati.terna.it/download-center,2026-04-29T14:53:49.757526
5815,project_changed,Progetti in valutazione,terna_econnextion,https://dati.terna.it/download-center,2026-04-29T14:53:49.755834
5815,project_changed,STMG da accettare,terna_econnextion,https://dati.terna.it/download-center,2026-04-29T14:53:49.753915
5815,project_changed,STMD/Contratti,terna_econnextion,https://dati.terna.it/download-center,2026-04-29T14:53:49.752357
5815,project_changed,Progetti con nulla osta,terna_econnextion,https://dati.terna.it/download-center,2026-04-29T14:53:49.750832
5815,project_changed,STMG da accettare,terna_econnextion,https://dati.terna.it/download-center,2026-04-29T14:53:49.749237
5815,project_changed,Progetti con nulla osta,terna_econnextion,https://dati.terna.it/download-center,2026-04-29T14:53:49.747681
5815,project_changed,STMD/Contratti,terna_econnextion,https://dati.terna.it/download-center,2026-04-29T14:53:49.746089
5815,project_changed,Progetti con nulla osta,terna_econnextion,https://dati.terna.it/download-center,2026-04-29T14:53:49.743959
5815,project_changed,STMG da accettare,terna_econnextion,https://dati.terna.it/download-center,2026-04-29T14:53:49.742007
5815,project_changed,Progetti in valutazione,terna_econnextion,https://dati.terna.it/download-center,2026-04-29T14:53:49.740230
5815,project_changed,STMG accettate,terna_econnextion,https://dati.terna.it/download-center,2026-04-29T14:53:49.738041
5815,project_changed,STMD/Contratti,terna_econnextion,https://dati.terna.it/download-center,2026-04-29T14:53:49.736479
5815,project_changed,STMG da accettare,terna_econnextion,https://dati.terna.it/download-center,2026-04-29T14:53:49.734946
5815,project_changed,STMG accettate,terna_econnextion,https://dati.terna.it/download-center,2026-04-29T14:53:49.733370
5815,project_changed,STMG accettate,terna_econnextion,https://dati.terna.it/download-center,2026-04-29T14:53:49.731790
5815,project_changed,STMD/Contratti,terna_econnextion,https://dati.terna.it/download-center,2026-04-29T14:53:49.730130
5815,project_changed,Progetti con nulla osta,terna_econnextion,https://dati.terna.it/download-center,2026-04-29T14:53:49.728354
5815,project_changed,Progetti in valutazione,terna_econnextion,https://dati.terna.it/download-center,2026-04-29T14:53:49.726885
5815,project_changed,STMD/Contratti,terna_econnextion,https://dati.terna.it/download-center,2026-04-29T14:53:49.725368
5815,project_changed,Progetti in valutazione,terna_econnextion,https://dati.terna.it/download-center,2026-04-29T14:53:49.723769
5815,project_changed,STMG accettate,terna_econnextion,https://dati.terna.it/download-center,2026-04-29T14:53:49.721653
5815,project_changed,STMG accettate,terna_econnextion,https://dati.terna.it/download-center,2026-04-29T14:53:49.719636
5815,project_changed,STMG da accettare,terna_econnextion,https://dati.terna.it/download-center,2026-04-29T14:53:49.717632
5815,project_changed,Progetti in valutazione,terna_econnextion,https://dati.terna.it/download-center,2026-04-29T14:53:49.715488
5815,project_changed,Progetti con nulla osta,terna_econnextion,https://dati.terna.it/download-center,2026-04-29T14:53:49.713521
5815,project_changed,Progetti con nulla osta,terna_econnextion,https://dati.terna.it/download-center,2026-04-29T14:53:49.712017
5815,project_changed,Progetti in valutazione,terna_econnextion,https://dati.terna.it/download-center,2026-04-29T14:53:49.710476
5815,project_changed,STMG da accettare,terna_econnextion,https://dati.terna.it/download-center,2026-04-29T14:53:49.708996
5815,project_changed,Progetti in valutazione,terna_econnextion,https://dati.terna.it/download-center,2026-04-29T14:53:49.707389
5815,project_changed,STMG da accettare,terna_econnextion,https://dati.terna.it/download-center,2026-04-29T14:53:49.705850
5815,project_changed,STMG da accettare,terna_econnextion,https://dati.terna.it/download-center,2026-04-29T14:53:49.704350
5815,project_changed,Progetti in valutazione,terna_econnextion,https://dati.terna.it/download-center,2026-04-29T14:53:49.702746
5815,project_changed,STMG da accettare,terna_econnextion,https://dati.terna.it/download-center,2026-04-29T14:53:49.701173
5815,project_changed,Progetti in valutazione,terna_econnextion,https://dati.terna.it/download-center,2026-04-29T14:53:49.699512
5815,project_changed,STMG accettate,terna_econnextion,https://dati.terna.it/download-center,2026-04-29T14:53:49.697587
5815,project_changed,Progetti con nulla osta,terna_econnextion,https://dati.terna.it/download-center,2026-04-29T14:53:49.695591
5815,project_changed,STMG accettate,terna_econnextion,https://dati.terna.it/download-center,2026-04-29T14:53:49.694001
5815,project_changed,STMG da accettare,terna_econnextion,https://dati.terna.it/download-center,2026-04-29T14:53:49.692339
5815,project_changed,STMD/Contratti,terna_econnextion,https://dati.terna.it/download-center,2026-04-29T14:53:49.690592
5815,project_changed,STMG da accettare,terna_econnextion,https://dati.terna.it/download-center,2026-04-29T14:53:49.688732
5815,project_changed,STMG accettate,terna_econnextion,https://dati.terna.it/download-center,2026-04-29T14:53:49.687125
5815,project_changed,STMG da accettare,terna_econnextion,https://dati.terna.it/download-center,2026-04-29T14:53:49.685462
5815,project_changed,Progetti in valutazione,terna_econnextion,https://dati.terna.it/download-center,2026-04-29T14:53:49.683474
5815,project_changed,Progetti con nulla osta,terna_econnextion,https://dati.terna.it/download-center,2026-04-29T14:53:49.681744
5815,project_changed,Progetti con nulla osta,terna_econnextion,https://dati.terna.it/download-center,2026-04-29T14:53:49.680157
5815,project_changed,Progetti con nulla osta,terna_econnextion,https://dati.terna.it/download-center,2026-04-29T14:53:49.678546
5815,project_changed,Progetti in valutazione,terna_econnextion,https://dati.terna.it/download-center,2026-04-29T14:53:49.676963
5815,project_changed,STMG accettate,terna_econnextion,https://dati.terna.it/download-center,2026-04-29T14:53:49.675382
5815,project_changed,STMD/Contratti,terna_econnextion,https://dati.terna.it/download-center,2026-04-29T14:53:49.673713
5815,project_changed,STMG accettate,terna_econnextion,https://dati.terna.it/download-center,2026-04-29T14:53:49.672048
5815,project_changed,STMG accettate,terna_econnextion,https://dati.terna.it/download-center,2026-04-29T14:53:49.670424
5815,project_changed,STMG accettate,terna_econnextion,https://dati.terna.it/download-center,2026-04-29T14:53:49.668431
5815,project_changed,STMG da accettare,terna_econnextion,https://dati.terna.it/download-center,2026-04-29T14:53:49.666722
5815,project_changed,Progetti con nulla osta,terna_econnextion,https://dati.terna.it/download-center,2026-04-29T14:53:49.665075
5815,project_changed,STMG da accettare,terna_econnextion,https://dati.terna.it/download-center,2026-04-29T14:53:49.663462
5815,project_changed,Progetti in valutazione,terna_econnextion,https://dati.terna.it/download-center,2026-04-29T14:53:49.661531
5815,project_changed,STMD/Contratti,terna_econnextion,https://dati.terna.it/download-center,2026-04-29T14:53:49.659899
5815,project_changed,Progetti in valutazione,terna_econnextion,https://dati.terna.it/download-center,2026-04-29T14:53:49.658305
5815,project_changed,STMG accettate,terna_econnextion,https://dati.terna.it/download-center,2026-04-29T14:53:49.656564
5815,project_changed,Progetti con nulla osta,terna_econnextion,https://dati.terna.it/download-center,2026-04-29T14:53:49.654954
5815,project_changed,STMG accettate,terna_econnextion,https://dati.terna.it/download-center,2026-04-29T14:53:49.653370
5815,project_changed,Progetti in valutazione,terna_econnextion,https://dati.terna.it/download-center,2026-04-29T14:53:49.651653
5815,project_changed,STMG accettate,terna_econnextion,https://dati.terna.it/download-center,2026-04-29T14:53:49.649875
5815,project_changed,STMG accettate,terna_econnextion,https://dati.terna.it/download-center,2026-04-29T14:53:49.648241
5815,project_changed,Progetti con nulla osta,terna_econnextion,https://dati.terna.it/download-center,2026-04-29T14:53:49.646521
5815,project_changed,Progetti con nulla osta,terna_econnextion,https://dati.terna.it/download-center,2026-04-29T14:53:49.644462
5580,project_changed,,campania,http://viavas.regione.campania.it/opencms/opencms/VIAVAS/VIA_files_new/Progetti/prg_10159_prot_2026.103673_del_09-02-2026.via,2026-04-29T14:49:40.540089
5812,project_changed,concluso,piemonte,http://www.sistemapiemonte.it/skvia/HomePage.do?ricerca=ArchivioProgetti,2026-04-29T14:49:39.811406
5812,project_changed,concluso,piemonte,http://www.sistemapiemonte.it/skvia/HomePage.do?ricerca=ArchivioProgetti,2026-04-29T14:49:39.809123
5812,project_changed,concluso,piemonte,http://www.sistemapiemonte.it/skvia/HomePage.do?ricerca=ArchivioProgetti,2026-04-29T14:49:39.806920
5812,project_changed,concluso,piemonte,http://www.sistemapiemonte.it/skvia/HomePage.do?ricerca=ArchivioProgetti,2026-04-29T14:49:39.804757
5812,project_changed,concluso,piemonte,http://www.sistemapiemonte.it/skvia/HomePage.do?ricerca=ArchivioProgetti,2026-04-29T14:49:39.802756
5812,project_changed,concluso,piemonte,http://www.sistemapiemonte.it/skvia/HomePage.do?ricerca=ArchivioProgetti,2026-04-29T14:49:39.801241
5812,project_changed,concluso,piemonte,http://www.sistemapiemonte.it/skvia/HomePage.do?ricerca=ArchivioProgetti,2026-04-29T14:49:39.799614
5812,project_changed,in_corso,piemonte,http://www.sistemapiemonte.it/skvia/HomePage.do?ricerca=ArchivioProgetti,2026-04-29T14:49:39.797734
5826,project_changed,,lazio,https://regionelazio.box.com/v/VIA-130-2020,2026-04-29T14:48:17.585804
5433,project_changed,positivo,lazio,https://regionelazio.app.box.com/v/VIA-108-2020,2026-04-29T14:48:17.558109
5826,project_changed,Escluso da VIA,lazio,https://regionelazio.box.com/v/VIA-130-2020,2026-04-29T14:48:17.525715
5433,project_changed,,lazio,https://regionelazio.app.box.com/v/VIA-108-2020,2026-04-29T14:48:17.516538
5386,project_changed,positivo,lazio,https://regionelazio.app.box.com/v/VIA-040-2021,2026-04-29T14:48:17.502232
5386,project_changed,,lazio,https://regionelazio.app.box.com/v/VIA-040-2021,2026-04-29T14:48:17.430056
5823,project_changed,positivo,lazio,https://regionelazio.app.box.com/v/VIA-044-2022,2026-04-29T14:48:17.361817
5312,project_changed,,lazio,https://regionelazio.app.box.com/v/VIA-015-2024,2026-04-29T14:48:17.290674
5312,project_changed,,lazio,https://regionelazio.app.box.com/v/VIA-015-2024,2026-04-29T14:48:17.288519
5823,project_changed,positivo,lazio,https://regionelazio.app.box.com/v/VIA-044-2022,2026-04-29T14:48:17.237063
5267,project_changed,,lazio,https://regionelazio.app.box.com/v/VIA-012-2025,2026-04-29T14:48:17.225601
5267,project_changed,,lazio,https://regionelazio.app.box.com/v/VIA-012-2025,2026-04-29T14:48:17.209117
5809,project_changed,concluso,puglia,https://dati.puglia.it/ckan/dataset/impianti-proposti-via-fer,2026-04-29T14:42:18.006375
5809,project_changed,concluso,puglia,https://dati.puglia.it/ckan/dataset/impianti-proposti-via-fer,2026-04-29T14:42:18.002471
5809,project_changed,concluso,puglia,https://dati.puglia.it/ckan/dataset/impianti-proposti-via-fer,2026-04-29T14:42:17.999279
5809,project_changed,concluso,puglia,https://dati.puglia.it/ckan/dataset/impianti-proposti-via-fer,2026-04-29T14:42:17.995628
5809,project_changed,concluso,puglia,https://dati.puglia.it/ckan/dataset/impianti-proposti-via-fer,2026-04-29T14:42:17.992662
5809,project_changed,concluso,puglia,https://dati.puglia.it/ckan/dataset/impianti-proposti-via-fer,2026-04-29T14:42:17.986036
5809,project_changed,Aperto,puglia,https://dati.puglia.it/ckan/dataset/impianti-proposti-via-fer,2026-04-29T14:42:17.981413
5809,project_changed,concluso,puglia,https://dati.puglia.it/ckan/dataset/impianti-proposti-via-fer,2026-04-29T14:42:17.977734
5809,project_changed,concluso,puglia,https://dati.puglia.it/ckan/dataset/impianti-proposti-via-fer,2026-04-29T14:42:17.974278
5809,project_changed,concluso,puglia,https://dati.puglia.it/ckan/dataset/impianti-proposti-via-fer,2026-04-29T14:42:17.971181
5809,project_changed,concluso,puglia,https://dati.puglia.it/ckan/dataset/impianti-proposti-via-fer,2026-04-29T14:42:17.968103
5809,project_changed,Trasmesso,puglia,https://dati.puglia.it/ckan/dataset/impianti-proposti-via-fer,2026-04-29T14:42:17.964519
5809,project_changed,concluso,puglia,https://dati.puglia.it/ckan/dataset/impianti-proposti-via-fer,2026-04-29T14:42:17.959982
5809,project_changed,concluso,puglia,https://dati.puglia.it/ckan/dataset/impianti-proposti-via-fer,2026-04-29T14:42:17.956181
5809,project_changed,concluso,puglia,https://dati.puglia.it/ckan/dataset/impianti-proposti-via-fer,2026-04-29T14:42:17.952241
5809,project_changed,Aperto,puglia,https://dati.puglia.it/ckan/dataset/impianti-proposti-via-fer,2026-04-29T14:42:17.948488
5809,project_changed,concluso,puglia,https://dati.puglia.it/ckan/dataset/impianti-proposti-via-fer,2026-04-29T14:42:17.944784
5809,project_changed,concluso,puglia,https://dati.puglia.it/ckan/dataset/impianti-proposti-via-fer,2026-04-29T14:42:17.941248
5809,project_changed,concluso,puglia,https://dati.puglia.it/ckan/dataset/impianti-proposti-via-fer,2026-04-29T14:42:17.937672
5809,project_changed,concluso,puglia,https://dati.puglia.it/ckan/dataset/impianti-proposti-via-fer,2026-04-29T14:42:17.934572
5809,project_changed,concluso,puglia,https://dati.puglia.it/ckan/dataset/impianti-proposti-via-fer,2026-04-29T14:42:17.931484
5809,project_changed,Aperto,puglia,https://dati.puglia.it/ckan/dataset/impianti-proposti-via-fer,2026-04-29T14:42:17.927744
5809,project_changed,concluso,puglia,https://dati.puglia.it/ckan/dataset/impianti-proposti-via-fer,2026-04-29T14:42:17.925215
5809,project_changed,Aperto,puglia,https://dati.puglia.it/ckan/dataset/impianti-proposti-via-fer,2026-04-29T14:42:17.922651
5809,project_changed,concluso,puglia,https://dati.puglia.it/ckan/dataset/impianti-proposti-via-fer,2026-04-29T14:42:17.920243
5809,project_changed,concluso,puglia,https://dati.puglia.it/ckan/dataset/impianti-proposti-via-fer,2026-04-29T14:42:17.917718
5809,project_changed,concluso,puglia,https://dati.puglia.it/ckan/dataset/impianti-proposti-via-fer,2026-04-29T14:42:17.915084
5809,project_changed,concluso,puglia,https://dati.puglia.it/ckan/dataset/impianti-proposti-via-fer,2026-04-29T14:42:17.911944
5809,project_changed,concluso,puglia,https://dati.puglia.it/ckan/dataset/impianti-proposti-via-fer,2026-04-29T14:42:17.908934
5809,project_changed,concluso,puglia,https://dati.puglia.it/ckan/dataset/impianti-proposti-via-fer,2026-04-29T14:42:17.906287
5809,project_changed,concluso,puglia,https://dati.puglia.it/ckan/dataset/impianti-proposti-via-fer,2026-04-29T14:42:17.903487
5809,project_changed,Aperto,puglia,https://dati.puglia.it/ckan/dataset/impianti-proposti-via-fer,2026-04-29T14:42:17.900364
5809,project_changed,concluso,puglia,https://dati.puglia.it/ckan/dataset/impianti-proposti-via-fer,2026-04-29T14:42:17.896728
5809,project_changed,concluso,puglia,https://dati.puglia.it/ckan/dataset/impianti-proposti-via-fer,2026-04-29T14:42:17.893604
5809,project_changed,concluso,puglia,https://dati.puglia.it/ckan/dataset/impianti-proposti-via-fer,2026-04-29T14:42:17.890695
5809,project_changed,Aperto,puglia,https://dati.puglia.it/ckan/dataset/impianti-proposti-via-fer,2026-04-29T14:42:17.888246
5809,project_changed,concluso,puglia,https://dati.puglia.it/ckan/dataset/impianti-proposti-via-fer,2026-04-29T14:42:17.885195
5809,project_changed,concluso,puglia,https://dati.puglia.it/ckan/dataset/impianti-proposti-via-fer,2026-04-29T14:42:17.882145
5809,project_changed,Trasmesso,puglia,https://dati.puglia.it/ckan/dataset/impianti-proposti-via-fer,2026-04-29T14:42:17.879604
5809,project_changed,Aperto,puglia,https://dati.puglia.it/ckan/dataset/impianti-proposti-via-fer,2026-04-29T14:42:17.877057
5809,project_changed,Aperto,puglia,https://dati.puglia.it/ckan/dataset/impianti-proposti-via-fer,2026-04-29T14:42:17.874931
5809,project_changed,concluso,puglia,https://dati.puglia.it/ckan/dataset/impianti-proposti-via-fer,2026-04-29T14:42:17.873396
5809,project_changed,Trasmesso,puglia,https://dati.puglia.it/ckan/dataset/impianti-proposti-via-fer,2026-04-29T14:42:17.871674
5809,project_changed,concluso,puglia,https://dati.puglia.it/ckan/dataset/impianti-proposti-via-fer,2026-04-29T14:42:17.869105
5809,project_changed,concluso,puglia,https://dati.puglia.it/ckan/dataset/impianti-proposti-via-fer,2026-04-29T14:42:17.867271
5809,project_changed,concluso,puglia,https://dati.puglia.it/ckan/dataset/impianti-proposti-via-fer,2026-04-29T14:42:17.865577
5809,project_changed,Aperto,puglia,https://dati.puglia.it/ckan/dataset/impianti-proposti-via-fer,2026-04-29T14:42:17.863931
5809,project_changed,Aperto,puglia,https://dati.puglia.it/ckan/dataset/impianti-proposti-via-fer,2026-04-29T14:42:17.862080
5809,project_changed,concluso,puglia,https://dati.puglia.it/ckan/dataset/impianti-proposti-via-fer,2026-04-29T14:42:17.860252
5809,project_changed,concluso,puglia,https://dati.puglia.it/ckan/dataset/impianti-proposti-via-fer,2026-04-29T14:42:17.858490
5809,project_changed,concluso,puglia,https://dati.puglia.it/ckan/dataset/impianti-proposti-via-fer,2026-04-29T14:42:17.857007
5809,project_changed,Aperto,puglia,https://dati.puglia.it/ckan/dataset/impianti-proposti-via-fer,2026-04-29T14:42:17.855625
5809,project_changed,concluso,puglia,https://dati.puglia.it/ckan/dataset/impianti-proposti-via-fer,2026-04-29T14:42:17.854070
5809,project_changed,Trasmesso,puglia,https://dati.puglia.it/ckan/dataset/impianti-proposti-via-fer,2026-04-29T14:42:17.852127
5809,project_changed,concluso,puglia,https://dati.puglia.it/ckan/dataset/impianti-proposti-via-fer,2026-04-29T14:42:17.850649
5809,project_changed,concluso,puglia,https://dati.puglia.it/ckan/dataset/impianti-proposti-via-fer,2026-04-29T14:42:17.849122
5809,project_changed,concluso,puglia,https://dati.puglia.it/ckan/dataset/impianti-proposti-via-fer,2026-04-29T14:42:17.847663
5809,project_changed,concluso,puglia,https://dati.puglia.it/ckan/dataset/impianti-proposti-via-fer,2026-04-29T14:42:17.846387
5809,project_changed,Aperto,puglia,https://dati.puglia.it/ckan/dataset/impianti-proposti-via-fer,2026-04-29T14:42:17.845051
5809,project_changed,Aperto,puglia,https://dati.puglia.it/ckan/dataset/impianti-proposti-via-fer,2026-04-29T14:42:17.843675
5809,project_changed,concluso,puglia,https://dati.puglia.it/ckan/dataset/impianti-proposti-via-fer,2026-04-29T14:42:17.842305
5809,project_changed,Aperto,puglia,https://dati.puglia.it/ckan/dataset/impianti-proposti-via-fer,2026-04-29T14:42:17.840960
5809,project_changed,concluso,puglia,https://dati.puglia.it/ckan/dataset/impianti-proposti-via-fer,2026-04-29T14:42:17.839680
5809,project_changed,Trasmesso,puglia,https://dati.puglia.it/ckan/dataset/impianti-proposti-via-fer,2026-04-29T14:42:17.838252
5809,project_changed,Trasmesso,puglia,https://dati.puglia.it/ckan/dataset/impianti-proposti-via-fer,2026-04-29T14:42:17.836454
5809,project_changed,concluso,puglia,https://dati.puglia.it/ckan/dataset/impianti-proposti-via-fer,2026-04-29T14:42:17.834958
5809,project_changed,Aperto,puglia,https://dati.puglia.it/ckan/dataset/impianti-proposti-via-fer,2026-04-29T14:42:17.833621
5809,project_changed,concluso,puglia,https://dati.puglia.it/ckan/dataset/impianti-proposti-via-fer,2026-04-29T14:42:17.832287
5809,project_changed,concluso,puglia,https://dati.puglia.it/ckan/dataset/impianti-proposti-via-fer,2026-04-29T14:42:17.831067
5809,project_changed,concluso,puglia,https://dati.puglia.it/ckan/dataset/impianti-proposti-via-fer,2026-04-29T14:42:17.829754
5809,project_changed,concluso,puglia,https://dati.puglia.it/ckan/dataset/impianti-proposti-via-fer,2026-04-29T14:42:17.828507
5809,project_changed,concluso,puglia,https://dati.puglia.it/ckan/dataset/impianti-proposti-via-fer,2026-04-29T14:42:17.827144
5809,project_changed,Aperto,puglia,https://dati.puglia.it/ckan/dataset/impianti-proposti-via-fer,2026-04-29T14:42:17.825759
5809,project_changed,concluso,puglia,https://dati.puglia.it/ckan/dataset/impianti-proposti-via-fer,2026-04-29T14:42:17.824487
5809,project_changed,concluso,puglia,https://dati.puglia.it/ckan/dataset/impianti-proposti-via-fer,2026-04-29T14:42:17.823171
5809,project_changed,concluso,puglia,https://dati.puglia.it/ckan/dataset/impianti-proposti-via-fer,2026-04-29T14:42:17.821926
5809,project_changed,concluso,puglia,https://dati.puglia.it/ckan/dataset/impianti-proposti-via-fer,2026-04-29T14:42:17.820429
5809,project_changed,concluso,puglia,https://dati.puglia.it/ckan/dataset/impianti-proposti-via-fer,2026-04-29T14:42:17.819063
5809,project_changed,Trasmesso,puglia,https://dati.puglia.it/ckan/dataset/impianti-proposti-via-fer,2026-04-29T14:42:17.817777
5809,project_changed,Trasmesso,puglia,https://dati.puglia.it/ckan/dataset/impianti-proposti-via-fer,2026-04-29T14:42:17.816449
5809,project_changed,concluso,puglia,https://dati.puglia.it/ckan/dataset/impianti-proposti-via-fer,2026-04-29T14:42:17.815183
5809,project_changed,concluso,puglia,https://dati.puglia.it/ckan/dataset/impianti-proposti-via-fer,2026-04-29T14:42:17.813872
5809,project_changed,concluso,puglia,https://dati.puglia.it/ckan/dataset/impianti-proposti-via-fer,2026-04-29T14:42:17.812573
5809,project_changed,concluso,puglia,https://dati.puglia.it/ckan/dataset/impianti-proposti-via-fer,2026-04-29T14:42:17.811272
5809,project_changed,concluso,puglia,https://dati.puglia.it/ckan/dataset/impianti-proposti-via-fer,2026-04-29T14:42:17.810019
5809,project_changed,concluso,puglia,https://dati.puglia.it/ckan/dataset/impianti-proposti-via-fer,2026-04-29T14:42:17.808558
5809,project_changed,concluso,puglia,https://dati.puglia.it/ckan/dataset/impianti-proposti-via-fer,2026-04-29T14:42:17.807233
5809,project_changed,concluso,puglia,https://dati.puglia.it/ckan/dataset/impianti-proposti-via-fer,2026-04-29T14:42:17.805772
5809,project_changed,concluso,puglia,https://dati.puglia.it/ckan/dataset/impianti-proposti-via-fer,2026-04-29T14:42:17.803938
5809,project_changed,concluso,puglia,https://dati.puglia.it/ckan/dataset/impianti-proposti-via-fer,2026-04-29T14:42:17.802610
5809,project_changed,Aperto,puglia,https://dati.puglia.it/ckan/dataset/impianti-proposti-via-fer,2026-04-29T14:42:17.801287
5809,project_changed,Aperto,puglia,https://dati.puglia.it/ckan/dataset/impianti-proposti-via-fer,2026-04-29T14:42:17.799877
5809,project_changed,concluso,puglia,https://dati.puglia.it/ckan/dataset/impianti-proposti-via-fer,2026-04-29T14:42:17.798404
5809,project_changed,concluso,puglia,https://dati.puglia.it/ckan/dataset/impianti-proposti-via-fer,2026-04-29T14:42:17.796800
5809,project_changed,concluso,puglia,https://dati.puglia.it/ckan/dataset/impianti-proposti-via-fer,2026-04-29T14:42:17.795170
5809,project_changed,Trasmesso,puglia,https://dati.puglia.it/ckan/dataset/impianti-proposti-via-fer,2026-04-29T14:42:17.793593
5809,project_changed,concluso,puglia,https://dati.puglia.it/ckan/dataset/impianti-proposti-via-fer,2026-04-29T14:42:17.791851
5809,project_changed,Aperto,puglia,https://dati.puglia.it/ckan/dataset/impianti-proposti-via-fer,2026-04-29T14:42:17.789907
5809,project_changed,concluso,puglia,https://dati.puglia.it/ckan/dataset/impianti-proposti-via-fer,2026-04-29T14:42:17.788098
5809,project_changed,Trasmesso,puglia,https://dati.puglia.it/ckan/dataset/impianti-proposti-via-fer,2026-04-29T14:42:17.786629
5809,project_changed,Trasmesso,puglia,https://dati.puglia.it/ckan/dataset/impianti-proposti-via-fer,2026-04-29T14:42:17.785255
5809,project_changed,Trasmesso,puglia,https://dati.puglia.it/ckan/dataset/impianti-proposti-via-fer,2026-04-29T14:42:17.784019
5809,project_changed,Trasmesso,puglia,https://dati.puglia.it/ckan/dataset/impianti-proposti-via-fer,2026-04-29T14:42:17.782705
5809,project_changed,Aperto,puglia,https://dati.puglia.it/ckan/dataset/impianti-proposti-via-fer,2026-04-29T14:42:17.781398
5809,project_changed,Trasmesso,puglia,https://dati.puglia.it/ckan/dataset/impianti-proposti-via-fer,2026-04-29T14:42:17.780112
5809,project_changed,concluso,puglia,https://dati.puglia.it/ckan/dataset/impianti-proposti-via-fer,2026-04-29T14:42:17.778763
5809,project_changed,concluso,puglia,https://dati.puglia.it/ckan/dataset/impianti-proposti-via-fer,2026-04-29T14:42:17.777504
5809,project_changed,Trasmesso,puglia,https://dati.puglia.it/ckan/dataset/impianti-proposti-via-fer,2026-04-29T14:42:17.776077
5809,project_changed,Trasmesso,puglia,https://dati.puglia.it/ckan/dataset/impianti-proposti-via-fer,2026-04-29T14:42:17.774367
5809,project_changed,concluso,puglia,https://dati.puglia.it/ckan/dataset/impianti-proposti-via-fer,2026-04-29T14:42:17.772900
5809,project_changed,concluso,puglia,https://dati.puglia.it/ckan/dataset/impianti-proposti-via-fer,2026-04-29T14:42:17.771554
5809,project_changed,Trasmesso,puglia,https://dati.puglia.it/ckan/dataset/impianti-proposti-via-fer,2026-04-29T14:42:17.770215
5809,project_changed,Trasmesso,puglia,https://dati.puglia.it/ckan/dataset/impianti-proposti-via-fer,2026-04-29T14:42:17.768865
5809,project_changed,concluso,puglia,https://dati.puglia.it/ckan/dataset/impianti-proposti-via-fer,2026-04-29T14:42:17.767605
5809,project_changed,Trasmesso,puglia,https://dati.puglia.it/ckan/dataset/impianti-proposti-via-fer,2026-04-29T14:42:17.766350
5809,project_changed,concluso,puglia,https://dati.puglia.it/ckan/dataset/impianti-proposti-via-fer,2026-04-29T14:42:17.765037
5809,project_changed,Trasmesso,puglia,https://dati.puglia.it/ckan/dataset/impianti-proposti-via-fer,2026-04-29T14:42:17.763696
5809,project_changed,Trasmesso,puglia,https://dati.puglia.it/ckan/dataset/impianti-proposti-via-fer,2026-04-29T14:42:17.762347
5809,project_changed,Trasmesso,puglia,https://dati.puglia.it/ckan/dataset/impianti-proposti-via-fer,2026-04-29T14:42:17.760959
5809,project_changed,concluso,puglia,https://dati.puglia.it/ckan/dataset/impianti-proposti-via-fer,2026-04-29T14:42:17.759639
5809,project_changed,Trasmesso,puglia,https://dati.puglia.it/ckan/dataset/impianti-proposti-via-fer,2026-04-29T14:42:17.758083
5809,project_changed,concluso,puglia,https://dati.puglia.it/ckan/dataset/impianti-proposti-via-fer,2026-04-29T14:42:17.756494
5809,project_changed,concluso,puglia,https://dati.puglia.it/ckan/dataset/impianti-proposti-via-fer,2026-04-29T14:42:17.755202
5809,project_changed,concluso,puglia,https://dati.puglia.it/ckan/dataset/impianti-proposti-via-fer,2026-04-29T14:42:17.753803
5809,project_changed,Trasmesso,puglia,https://dati.puglia.it/ckan/dataset/impianti-proposti-via-fer,2026-04-29T14:42:17.752427
5809,project_changed,concluso,puglia,https://dati.puglia.it/ckan/dataset/impianti-proposti-via-fer,2026-04-29T14:42:17.751099
5809,project_changed,concluso,puglia,https://dati.puglia.it/ckan/dataset/impianti-proposti-via-fer,2026-04-29T14:42:17.749839
5809,project_changed,Trasmesso,puglia,https://dati.puglia.it/ckan/dataset/impianti-proposti-via-fer,2026-04-29T14:42:17.748508
5809,project_changed,Trasmesso,puglia,https://dati.puglia.it/ckan/dataset/impianti-proposti-via-fer,2026-04-29T14:42:17.747229
5809,project_changed,Trasmesso,puglia,https://dati.puglia.it/ckan/dataset/impianti-proposti-via-fer,2026-04-29T14:42:17.745883
5809,project_changed,Trasmesso,puglia,https://dati.puglia.it/ckan/dataset/impianti-proposti-via-fer,2026-04-29T14:42:17.744501
5809,project_changed,Aperto,puglia,https://dati.puglia.it/ckan/dataset/impianti-proposti-via-fer,2026-04-29T14:42:17.743065
5809,project_changed,Trasmesso,puglia,https://dati.puglia.it/ckan/dataset/impianti-proposti-via-fer,2026-04-29T14:42:17.741262
5809,project_changed,Trasmesso,puglia,https://dati.puglia.it/ckan/dataset/impianti-proposti-via-fer,2026-04-29T14:42:17.739978
5809,project_changed,Trasmesso,puglia,https://dati.puglia.it/ckan/dataset/impianti-proposti-via-fer,2026-04-29T14:42:17.738739
5809,project_changed,Aperto,puglia,https://dati.puglia.it/ckan/dataset/impianti-proposti-via-fer,2026-04-29T14:42:17.737327
5809,project_changed,Aperto,puglia,https://dati.puglia.it/ckan/dataset/impianti-proposti-via-fer,2026-04-29T14:42:17.735910
5809,project_changed,Trasmesso,puglia,https://dati.puglia.it/ckan/dataset/impianti-proposti-via-fer,2026-04-29T14:42:17.734663
5809,project_changed,concluso,puglia,https://dati.puglia.it/ckan/dataset/impianti-proposti-via-fer,2026-04-29T14:42:17.733341
5809,project_changed,Aperto,puglia,https://dati.puglia.it/ckan/dataset/impianti-proposti-via-fer,2026-04-29T14:42:17.732064
5809,project_changed,Aperto,puglia,https://dati.puglia.it/ckan/dataset/impianti-proposti-via-fer,2026-04-29T14:42:17.730830
5809,project_changed,Trasmesso,puglia,https://dati.puglia.it/ckan/dataset/impianti-proposti-via-fer,2026-04-29T14:42:17.729633
5809,project_changed,Trasmesso,puglia,https://dati.puglia.it/ckan/dataset/impianti-proposti-via-fer,2026-04-29T14:42:17.728308
5809,project_changed,Trasmesso,puglia,https://dati.puglia.it/ckan/dataset/impianti-proposti-via-fer,2026-04-29T14:42:17.726925
5809,project_changed,Trasmesso,puglia,https://dati.puglia.it/ckan/dataset/impianti-proposti-via-fer,2026-04-29T14:42:17.725488
5809,project_changed,concluso,puglia,https://dati.puglia.it/ckan/dataset/impianti-proposti-via-fer,2026-04-29T14:42:17.724198
5809,project_changed,Trasmesso,puglia,https://dati.puglia.it/ckan/dataset/impianti-proposti-via-fer,2026-04-29T14:42:17.722847
5809,project_changed,concluso,puglia,https://dati.puglia.it/ckan/dataset/impianti-proposti-via-fer,2026-04-29T14:42:17.721594
5809,project_changed,Aperto,puglia,https://dati.puglia.it/ckan/dataset/impianti-proposti-via-fer,2026-04-29T14:42:17.720205
5809,project_changed,Trasmesso,puglia,https://dati.puglia.it/ckan/dataset/impianti-proposti-via-fer,2026-04-29T14:42:17.718770
5809,project_changed,Trasmesso,puglia,https://dati.puglia.it/ckan/dataset/impianti-proposti-via-fer,2026-04-29T14:42:17.717384
5809,project_changed,Aperto,puglia,https://dati.puglia.it/ckan/dataset/impianti-proposti-via-fer,2026-04-29T14:42:17.716039
5809,project_changed,Aperto,puglia,https://dati.puglia.it/ckan/dataset/impianti-proposti-via-fer,2026-04-29T14:42:17.714777
5809,project_changed,concluso,puglia,https://dati.puglia.it/ckan/dataset/impianti-proposti-via-fer,2026-04-29T14:42:17.713460
5809,project_changed,Trasmesso,puglia,https://dati.puglia.it/ckan/dataset/impianti-proposti-via-fer,2026-04-29T14:42:17.712140
5809,project_changed,concluso,puglia,https://dati.puglia.it/ckan/dataset/impianti-proposti-via-fer,2026-04-29T14:42:17.710816
5809,project_changed,concluso,puglia,https://dati.puglia.it/ckan/dataset/impianti-proposti-via-fer,2026-04-29T14:42:17.709361
5809,project_changed,Trasmesso,puglia,https://dati.puglia.it/ckan/dataset/impianti-proposti-via-fer,2026-04-29T14:42:17.708069
5809,project_changed,Aperto,puglia,https://dati.puglia.it/ckan/dataset/impianti-proposti-via-fer,2026-04-29T14:42:17.706769
5809,project_changed,concluso,puglia,https://dati.puglia.it/ckan/dataset/impianti-proposti-via-fer,2026-04-29T14:42:17.705481
5809,project_changed,Aperto,puglia,https://dati.puglia.it/ckan/dataset/impianti-proposti-via-fer,2026-04-29T14:42:17.704167
5809,project_changed,concluso,puglia,https://dati.puglia.it/ckan/dataset/impianti-proposti-via-fer,2026-04-29T14:42:17.702752
5809,project_changed,Trasmesso,puglia,https://dati.puglia.it/ckan/dataset/impianti-proposti-via-fer,2026-04-29T14:42:17.701349
5809,project_changed,Aperto,puglia,https://dati.puglia.it/ckan/dataset/impianti-proposti-via-fer,2026-04-29T14:42:17.700052
5809,project_changed,Trasmesso,puglia,https://dati.puglia.it/ckan/dataset/impianti-proposti-via-fer,2026-04-29T14:42:17.698699
5809,project_changed,concluso,puglia,https://dati.puglia.it/ckan/dataset/impianti-proposti-via-fer,2026-04-29T14:42:17.697240
5809,project_changed,Trasmesso,puglia,https://dati.puglia.it/ckan/dataset/impianti-proposti-via-fer,2026-04-29T14:42:17.695875
5809,project_changed,Trasmesso,puglia,https://dati.puglia.it/ckan/dataset/impianti-proposti-via-fer,2026-04-29T14:42:17.694154
5809,project_changed,concluso,puglia,https://dati.puglia.it/ckan/dataset/impianti-proposti-via-fer,2026-04-29T14:42:17.692502
5809,project_changed,Trasmesso,puglia,https://dati.puglia.it/ckan/dataset/impianti-proposti-via-fer,2026-04-29T14:42:17.690883
5809,project_changed,Aperto,puglia,https://dati.puglia.it/ckan/dataset/impianti-proposti-via-fer,2026-04-29T14:42:17.689385
5809,project_changed,concluso,puglia,https://dati.puglia.it/ckan/dataset/impianti-proposti-via-fer,2026-04-29T14:42:17.688018
5809,project_changed,Trasmesso,puglia,https://dati.puglia.it/ckan/dataset/impianti-proposti-via-fer,2026-04-29T14:42:17.686573
5809,project_changed,Trasmesso,puglia,https://dati.puglia.it/ckan/dataset/impianti-proposti-via-fer,2026-04-29T14:42:17.685093
5809,project_changed,Trasmesso,puglia,https://dati.puglia.it/ckan/dataset/impianti-proposti-via-fer,2026-04-29T14:42:17.683631
5809,project_changed,Trasmesso,puglia,https://dati.puglia.it/ckan/dataset/impianti-proposti-via-fer,2026-04-29T14:42:17.681938
5809,project_changed,Trasmesso,puglia,https://dati.puglia.it/ckan/dataset/impianti-proposti-via-fer,2026-04-29T14:42:17.680300
5809,project_changed,Trasmesso,puglia,https://dati.puglia.it/ckan/dataset/impianti-proposti-via-fer,2026-04-29T14:42:17.678626
5809,project_changed,Aperto,puglia,https://dati.puglia.it/ckan/dataset/impianti-proposti-via-fer,2026-04-29T14:42:17.677006
5809,project_changed,Aperto,puglia,https://dati.puglia.it/ckan/dataset/impianti-proposti-via-fer,2026-04-29T14:42:17.675628
5809,project_changed,Trasmesso,puglia,https://dati.puglia.it/ckan/dataset/impianti-proposti-via-fer,2026-04-29T14:42:17.674405
5809,project_changed,Trasmesso,puglia,https://dati.puglia.it/ckan/dataset/impianti-proposti-via-fer,2026-04-29T14:42:17.673037
5809,project_changed,Trasmesso,puglia,https://dati.puglia.it/ckan/dataset/impianti-proposti-via-fer,2026-04-29T14:42:17.671641
5809,project_changed,Trasmesso,puglia,https://dati.puglia.it/ckan/dataset/impianti-proposti-via-fer,2026-04-29T14:42:17.670375
5809,project_changed,Trasmesso,puglia,https://dati.puglia.it/ckan/dataset/impianti-proposti-via-fer,2026-04-29T14:42:17.668942
5809,project_changed,Trasmesso,puglia,https://dati.puglia.it/ckan/dataset/impianti-proposti-via-fer,2026-04-29T14:42:17.667543
5809,project_changed,concluso,puglia,https://dati.puglia.it/ckan/dataset/impianti-proposti-via-fer,2026-04-29T14:42:17.666249
5809,project_changed,Aperto,puglia,https://dati.puglia.it/ckan/dataset/impianti-proposti-via-fer,2026-04-29T14:42:17.664865
5809,project_changed,concluso,puglia,https://dati.puglia.it/ckan/dataset/impianti-proposti-via-fer,2026-04-29T14:42:17.663335
5809,project_changed,Trasmesso,puglia,https://dati.puglia.it/ckan/dataset/impianti-proposti-via-fer,2026-04-29T14:42:17.661828
5809,project_changed,Trasmesso,puglia,https://dati.puglia.it/ckan/dataset/impianti-proposti-via-fer,2026-04-29T14:42:17.660531
5809,project_changed,concluso,puglia,https://dati.puglia.it/ckan/dataset/impianti-proposti-via-fer,2026-04-29T14:42:17.659194
5809,project_changed,Trasmesso,puglia,https://dati.puglia.it/ckan/dataset/impianti-proposti-via-fer,2026-04-29T14:42:17.657830
5809,project_changed,concluso,puglia,https://dati.puglia.it/ckan/dataset/impianti-proposti-via-fer,2026-04-29T14:42:17.656423
5809,project_changed,Trasmesso,puglia,https://dati.puglia.it/ckan/dataset/impianti-proposti-via-fer,2026-04-29T14:42:17.654991
5809,project_changed,Trasmesso,puglia,https://dati.puglia.it/ckan/dataset/impianti-proposti-via-fer,2026-04-29T14:42:17.653504
5809,project_changed,Aperto,puglia,https://dati.puglia.it/ckan/dataset/impianti-proposti-via-fer,2026-04-29T14:42:17.652043
5809,project_changed,Trasmesso,puglia,https://dati.puglia.it/ckan/dataset/impianti-proposti-via-fer,2026-04-29T14:42:17.650581
5809,project_changed,Trasmesso,puglia,https://dati.puglia.it/ckan/dataset/impianti-proposti-via-fer,2026-04-29T14:42:17.648716
5809,project_changed,Trasmesso,puglia,https://dati.puglia.it/ckan/dataset/impianti-proposti-via-fer,2026-04-29T14:42:17.647250
5809,project_changed,Trasmesso,puglia,https://dati.puglia.it/ckan/dataset/impianti-proposti-via-fer,2026-04-29T14:42:17.645900
5809,project_changed,Trasmesso,puglia,https://dati.puglia.it/ckan/dataset/impianti-proposti-via-fer,2026-04-29T14:42:17.644503
5809,project_changed,concluso,puglia,https://dati.puglia.it/ckan/dataset/impianti-proposti-via-fer,2026-04-29T14:42:17.643177
5809,project_changed,Trasmesso,puglia,https://dati.puglia.it/ckan/dataset/impianti-proposti-via-fer,2026-04-29T14:42:17.641683
5809,project_changed,Trasmesso,puglia,https://dati.puglia.it/ckan/dataset/impianti-proposti-via-fer,2026-04-29T14:42:17.640073
5809,project_changed,concluso,puglia,https://dati.puglia.it/ckan/dataset/impianti-proposti-via-fer,2026-04-29T14:42:17.638586
5809,project_changed,Trasmesso,puglia,https://dati.puglia.it/ckan/dataset/impianti-proposti-via-fer,2026-04-29T14:42:17.636735
5809,project_changed,concluso,puglia,https://dati.puglia.it/ckan/dataset/impianti-proposti-via-fer,2026-04-29T14:42:17.635250
5809,project_changed,Aperto,puglia,https://dati.puglia.it/ckan/dataset/impianti-proposti-via-fer,2026-04-29T14:42:17.632949
5809,project_changed,Trasmesso,puglia,https://dati.puglia.it/ckan/dataset/impianti-proposti-via-fer,2026-04-29T14:42:17.631370
5809,project_changed,Trasmesso,puglia,https://dati.puglia.it/ckan/dataset/impianti-proposti-via-fer,2026-04-29T14:42:17.629758
5809,project_changed,Aperto,puglia,https://dati.puglia.it/ckan/dataset/impianti-proposti-via-fer,2026-04-29T14:42:17.628077
5809,project_changed,concluso,puglia,https://dati.puglia.it/ckan/dataset/impianti-proposti-via-fer,2026-04-29T14:42:17.626367
5809,project_changed,Trasmesso,puglia,https://dati.puglia.it/ckan/dataset/impianti-proposti-via-fer,2026-04-29T14:42:17.624470
5809,project_changed,concluso,puglia,https://dati.puglia.it/ckan/dataset/impianti-proposti-via-fer,2026-04-29T14:42:17.622539
5809,project_changed,Trasmesso,puglia,https://dati.puglia.it/ckan/dataset/impianti-proposti-via-fer,2026-04-29T14:42:17.620465
5809,project_changed,concluso,puglia,https://dati.puglia.it/ckan/dataset/impianti-proposti-via-fer,2026-04-29T14:42:17.618461
5809,project_changed,concluso,puglia,https://dati.puglia.it/ckan/dataset/impianti-proposti-via-fer,2026-04-29T14:42:17.616530
5809,project_changed,Trasmesso,puglia,https://dati.puglia.it/ckan/dataset/impianti-proposti-via-fer,2026-04-29T14:42:17.614821
5809,project_changed,Trasmesso,puglia,https://dati.puglia.it/ckan/dataset/impianti-proposti-via-fer,2026-04-29T14:42:17.612032
5809,project_changed,Trasmesso,puglia,https://dati.puglia.it/ckan/dataset/impianti-proposti-via-fer,2026-04-29T14:42:17.609916
5809,project_changed,Trasmesso,puglia,https://dati.puglia.it/ckan/dataset/impianti-proposti-via-fer,2026-04-29T14:42:17.607255
5809,project_changed,concluso,puglia,https://dati.puglia.it/ckan/dataset/impianti-proposti-via-fer,2026-04-29T14:42:17.604209
5809,project_changed,Trasmesso,puglia,https://dati.puglia.it/ckan/dataset/impianti-proposti-via-fer,2026-04-29T14:42:17.600992
5809,project_changed,concluso,puglia,https://dati.puglia.it/ckan/dataset/impianti-proposti-via-fer,2026-04-29T14:42:17.599452
5809,project_changed,Trasmesso,puglia,https://dati.puglia.it/ckan/dataset/impianti-proposti-via-fer,2026-04-29T14:42:17.598057
5809,project_changed,Trasmesso,puglia,https://dati.puglia.it/ckan/dataset/impianti-proposti-via-fer,2026-04-29T14:42:17.596697
5809,project_changed,Trasmesso,puglia,https://dati.puglia.it/ckan/dataset/impianti-proposti-via-fer,2026-04-29T14:42:17.595296
5809,project_changed,Trasmesso,puglia,https://dati.puglia.it/ckan/dataset/impianti-proposti-via-fer,2026-04-29T14:42:17.593764
5809,project_changed,Aperto,puglia,https://dati.puglia.it/ckan/dataset/impianti-proposti-via-fer,2026-04-29T14:42:17.592151
5809,project_changed,Trasmesso,puglia,https://dati.puglia.it/ckan/dataset/impianti-proposti-via-fer,2026-04-29T14:42:17.590621
5809,project_changed,Trasmesso,puglia,https://dati.puglia.it/ckan/dataset/impianti-proposti-via-fer,2026-04-29T14:42:17.589063
5809,project_changed,Trasmesso,puglia,https://dati.puglia.it/ckan/dataset/impianti-proposti-via-fer,2026-04-29T14:42:17.587518
5809,project_changed,Trasmesso,puglia,https://dati.puglia.it/ckan/dataset/impianti-proposti-via-fer,2026-04-29T14:42:17.585865
5809,project_changed,Trasmesso,puglia,https://dati.puglia.it/ckan/dataset/impianti-proposti-via-fer,2026-04-29T14:42:17.584597
5809,project_changed,Trasmesso,puglia,https://dati.puglia.it/ckan/dataset/impianti-proposti-via-fer,2026-04-29T14:42:17.583361
5809,project_changed,concluso,puglia,https://dati.puglia.it/ckan/dataset/impianti-proposti-via-fer,2026-04-29T14:42:17.582023
5809,project_changed,Trasmesso,puglia,https://dati.puglia.it/ckan/dataset/impianti-proposti-via-fer,2026-04-29T14:42:17.580399
5809,project_changed,Aperto,puglia,https://dati.puglia.it/ckan/dataset/impianti-proposti-via-fer,2026-04-29T14:42:17.578809
5809,project_changed,Trasmesso,puglia,https://dati.puglia.it/ckan/dataset/impianti-proposti-via-fer,2026-04-29T14:42:17.577076
5809,project_changed,Trasmesso,puglia,https://dati.puglia.it/ckan/dataset/impianti-proposti-via-fer,2026-04-29T14:42:17.575393
5809,project_changed,Trasmesso,puglia,https://dati.puglia.it/ckan/dataset/impianti-proposti-via-fer,2026-04-29T14:42:17.573793
5809,project_changed,Trasmesso,puglia,https://dati.puglia.it/ckan/dataset/impianti-proposti-via-fer,2026-04-29T14:42:17.571854
5809,project_changed,Aperto,puglia,https://dati.puglia.it/ckan/dataset/impianti-proposti-via-fer,2026-04-29T14:42:17.569442
5809,project_changed,Trasmesso,puglia,https://dati.puglia.it/ckan/dataset/impianti-proposti-via-fer,2026-04-29T14:42:17.567842
5809,project_changed,concluso,puglia,https://dati.puglia.it/ckan/dataset/impianti-proposti-via-fer,2026-04-29T14:42:17.566074
5809,project_changed,Trasmesso,puglia,https://dati.puglia.it/ckan/dataset/impianti-proposti-via-fer,2026-04-29T14:42:17.564293
5809,project_changed,Trasmesso,puglia,https://dati.puglia.it/ckan/dataset/impianti-proposti-via-fer,2026-04-29T14:42:17.562633
5809,project_changed,Trasmesso,puglia,https://dati.puglia.it/ckan/dataset/impianti-proposti-via-fer,2026-04-29T14:42:17.560871
5809,project_changed,Trasmesso,puglia,https://dati.puglia.it/ckan/dataset/impianti-proposti-via-fer,2026-04-29T14:42:17.559047
5809,project_changed,Trasmesso,puglia,https://dati.puglia.it/ckan/dataset/impianti-proposti-via-fer,2026-04-29T14:42:17.556861
5809,project_changed,Trasmesso,puglia,https://dati.puglia.it/ckan/dataset/impianti-proposti-via-fer,2026-04-29T14:42:17.554482
5809,project_changed,Trasmesso,puglia,https://dati.puglia.it/ckan/dataset/impianti-proposti-via-fer,2026-04-29T14:42:17.552422
5809,project_changed,Aperto,puglia,https://dati.puglia.it/ckan/dataset/impianti-proposti-via-fer,2026-04-29T14:42:17.550716
5809,project_changed,Trasmesso,puglia,https://dati.puglia.it/ckan/dataset/impianti-proposti-via-fer,2026-04-29T14:42:17.549048
5809,project_changed,Trasmesso,puglia,https://dati.puglia.it/ckan/dataset/impianti-proposti-via-fer,2026-04-29T14:42:17.546655
5809,project_changed,Trasmesso,puglia,https://dati.puglia.it/ckan/dataset/impianti-proposti-via-fer,2026-04-29T14:42:17.544380
5809,project_changed,Trasmesso,puglia,https://dati.puglia.it/ckan/dataset/impianti-proposti-via-fer,2026-04-29T14:42:17.542140
5809,project_changed,Trasmesso,puglia,https://dati.puglia.it/ckan/dataset/impianti-proposti-via-fer,2026-04-29T14:42:17.540262
5809,project_changed,Trasmesso,puglia,https://dati.puglia.it/ckan/dataset/impianti-proposti-via-fer,2026-04-29T14:42:17.538606
5809,project_changed,Trasmesso,puglia,https://dati.puglia.it/ckan/dataset/impianti-proposti-via-fer,2026-04-29T14:42:17.536932
5809,project_changed,Trasmesso,puglia,https://dati.puglia.it/ckan/dataset/impianti-proposti-via-fer,2026-04-29T14:42:17.535277
5809,project_changed,Trasmesso,puglia,https://dati.puglia.it/ckan/dataset/impianti-proposti-via-fer,2026-04-29T14:42:17.533722
5809,project_changed,Trasmesso,puglia,https://dati.puglia.it/ckan/dataset/impianti-proposti-via-fer,2026-04-29T14:42:17.532197
5809,project_changed,Trasmesso,puglia,https://dati.puglia.it/ckan/dataset/impianti-proposti-via-fer,2026-04-29T14:42:17.530607
5809,project_changed,concluso,puglia,https://dati.puglia.it/ckan/dataset/impianti-proposti-via-fer,2026-04-29T14:42:17.528981
5809,project_changed,Trasmesso,puglia,https://dati.puglia.it/ckan/dataset/impianti-proposti-via-fer,2026-04-29T14:42:17.527362
5809,project_changed,Trasmesso,puglia,https://dati.puglia.it/ckan/dataset/impianti-proposti-via-fer,2026-04-29T14:42:17.525509
5809,project_changed,Trasmesso,puglia,https://dati.puglia.it/ckan/dataset/impianti-proposti-via-fer,2026-04-29T14:42:17.523283
5809,project_changed,Trasmesso,puglia,https://dati.puglia.it/ckan/dataset/impianti-proposti-via-fer,2026-04-29T14:42:17.521706
5809,project_changed,Trasmesso,puglia,https://dati.puglia.it/ckan/dataset/impianti-proposti-via-fer,2026-04-29T14:42:17.520077
5809,project_changed,Trasmesso,puglia,https://dati.puglia.it/ckan/dataset/impianti-proposti-via-fer,2026-04-29T14:42:17.518483
5809,project_changed,concluso,puglia,https://dati.puglia.it/ckan/dataset/impianti-proposti-via-fer,2026-04-29T14:42:17.516794
5809,project_changed,Trasmesso,puglia,https://dati.puglia.it/ckan/dataset/impianti-proposti-via-fer,2026-04-29T14:42:17.515245
5809,project_changed,Trasmesso,puglia,https://dati.puglia.it/ckan/dataset/impianti-proposti-via-fer,2026-04-29T14:42:17.513593
5809,project_changed,Trasmesso,puglia,https://dati.puglia.it/ckan/dataset/impianti-proposti-via-fer,2026-04-29T14:42:17.511948
5809,project_changed,Trasmesso,puglia,https://dati.puglia.it/ckan/dataset/impianti-proposti-via-fer,2026-04-29T14:42:17.510164
5809,project_changed,Trasmesso,puglia,https://dati.puglia.it/ckan/dataset/impianti-proposti-via-fer,2026-04-29T14:42:17.507762
5809,project_changed,Trasmesso,puglia,https://dati.puglia.it/ckan/dataset/impianti-proposti-via-fer,2026-04-29T14:42:17.506231
5809,project_changed,Trasmesso,puglia,https://dati.puglia.it/ckan/dataset/impianti-proposti-via-fer,2026-04-29T14:42:17.504654
5809,project_changed,Trasmesso,puglia,https://dati.puglia.it/ckan/dataset/impianti-proposti-via-fer,2026-04-29T14:42:17.502995
5809,project_changed,Trasmesso,puglia,https://dati.puglia.it/ckan/dataset/impianti-proposti-via-fer,2026-04-29T14:42:17.501399
5809,project_changed,Trasmesso,puglia,https://dati.puglia.it/ckan/dataset/impianti-proposti-via-fer,2026-04-29T14:42:17.499795
5809,project_changed,Trasmesso,puglia,https://dati.puglia.it/ckan/dataset/impianti-proposti-via-fer,2026-04-29T14:42:17.498221
5809,project_changed,Trasmesso,puglia,https://dati.puglia.it/ckan/dataset/impianti-proposti-via-fer,2026-04-29T14:42:17.496285
5809,project_changed,Trasmesso,puglia,https://dati.puglia.it/ckan/dataset/impianti-proposti-via-fer,2026-04-29T14:42:17.494153
5809,project_changed,Trasmesso,puglia,https://dati.puglia.it/ckan/dataset/impianti-proposti-via-fer,2026-04-29T14:42:17.491578
5809,project_changed,Trasmesso,puglia,https://dati.puglia.it/ckan/dataset/impianti-proposti-via-fer,2026-04-29T14:42:17.489724
5809,project_changed,Trasmesso,puglia,https://dati.puglia.it/ckan/dataset/impianti-proposti-via-fer,2026-04-29T14:42:17.487693
5809,project_changed,Trasmesso,puglia,https://dati.puglia.it/ckan/dataset/impianti-proposti-via-fer,2026-04-29T14:42:17.485849
5809,project_changed,Trasmesso,puglia,https://dati.puglia.it/ckan/dataset/impianti-proposti-via-fer,2026-04-29T14:42:17.484158
5809,project_changed,Trasmesso,puglia,https://dati.puglia.it/ckan/dataset/impianti-proposti-via-fer,2026-04-29T14:42:17.482362
5809,project_changed,Trasmesso,puglia,https://dati.puglia.it/ckan/dataset/impianti-proposti-via-fer,2026-04-29T14:42:17.480551
5809,project_changed,Trasmesso,puglia,https://dati.puglia.it/ckan/dataset/impianti-proposti-via-fer,2026-04-29T14:42:17.478808
5809,project_changed,Trasmesso,puglia,https://dati.puglia.it/ckan/dataset/impianti-proposti-via-fer,2026-04-29T14:42:17.476426
5809,project_changed,Trasmesso,puglia,https://dati.puglia.it/ckan/dataset/impianti-proposti-via-fer,2026-04-29T14:42:17.474907
5809,project_changed,Trasmesso,puglia,https://dati.puglia.it/ckan/dataset/impianti-proposti-via-fer,2026-04-29T14:42:17.473271
5809,project_changed,concluso,puglia,https://dati.puglia.it/ckan/dataset/impianti-proposti-via-fer,2026-04-29T14:42:17.471687
5809,project_changed,Trasmesso,puglia,https://dati.puglia.it/ckan/dataset/impianti-proposti-via-fer,2026-04-29T14:42:17.469992
5809,project_changed,Trasmesso,puglia,https://dati.puglia.it/ckan/dataset/impianti-proposti-via-fer,2026-04-29T14:42:17.468466
5809,project_changed,Trasmesso,puglia,https://dati.puglia.it/ckan/dataset/impianti-proposti-via-fer,2026-04-29T14:42:17.466839
5809,project_changed,Trasmesso,puglia,https://dati.puglia.it/ckan/dataset/impianti-proposti-via-fer,2026-04-29T14:42:17.464948
5809,project_changed,Trasmesso,puglia,https://dati.puglia.it/ckan/dataset/impianti-proposti-via-fer,2026-04-29T14:42:17.463119
5809,project_changed,Trasmesso,puglia,https://dati.puglia.it/ckan/dataset/impianti-proposti-via-fer,2026-04-29T14:42:17.461115
5809,project_changed,Trasmesso,puglia,https://dati.puglia.it/ckan/dataset/impianti-proposti-via-fer,2026-04-29T14:42:17.459445
5809,project_changed,Trasmesso,puglia,https://dati.puglia.it/ckan/dataset/impianti-proposti-via-fer,2026-04-29T14:42:17.457775
5809,project_changed,Trasmesso,puglia,https://dati.puglia.it/ckan/dataset/impianti-proposti-via-fer,2026-04-29T14:42:17.456188
5809,project_changed,concluso,puglia,https://dati.puglia.it/ckan/dataset/impianti-proposti-via-fer,2026-04-29T14:42:17.454488
5809,project_changed,concluso,puglia,https://dati.puglia.it/ckan/dataset/impianti-proposti-via-fer,2026-04-29T14:42:17.452818
5809,project_changed,Trasmesso,puglia,https://dati.puglia.it/ckan/dataset/impianti-proposti-via-fer,2026-04-29T14:42:17.451348
5809,project_changed,Trasmesso,puglia,https://dati.puglia.it/ckan/dataset/impianti-proposti-via-fer,2026-04-29T14:42:17.449739
5809,project_changed,Trasmesso,puglia,https://dati.puglia.it/ckan/dataset/impianti-proposti-via-fer,2026-04-29T14:42:17.448044
5809,project_changed,Trasmesso,puglia,https://dati.puglia.it/ckan/dataset/impianti-proposti-via-fer,2026-04-29T14:42:17.446079
5809,project_changed,Trasmesso,puglia,https://dati.puglia.it/ckan/dataset/impianti-proposti-via-fer,2026-04-29T14:42:17.444224
5809,project_changed,Trasmesso,puglia,https://dati.puglia.it/ckan/dataset/impianti-proposti-via-fer,2026-04-29T14:42:17.442354
5809,project_changed,Trasmesso,puglia,https://dati.puglia.it/ckan/dataset/impianti-proposti-via-fer,2026-04-29T14:42:17.440764
5809,project_changed,Trasmesso,puglia,https://dati.puglia.it/ckan/dataset/impianti-proposti-via-fer,2026-04-29T14:42:17.439080
5809,project_changed,Trasmesso,puglia,https://dati.puglia.it/ckan/dataset/impianti-proposti-via-fer,2026-04-29T14:42:17.437519
5809,project_changed,Trasmesso,puglia,https://dati.puglia.it/ckan/dataset/impianti-proposti-via-fer,2026-04-29T14:42:17.435906
5809,project_changed,Trasmesso,puglia,https://dati.puglia.it/ckan/dataset/impianti-proposti-via-fer,2026-04-29T14:42:17.434013
5809,project_changed,Trasmesso,puglia,https://dati.puglia.it/ckan/dataset/impianti-proposti-via-fer,2026-04-29T14:42:17.431721
5809,project_changed,Trasmesso,puglia,https://dati.puglia.it/ckan/dataset/impianti-proposti-via-fer,2026-04-29T14:42:17.429400
5809,project_changed,Trasmesso,puglia,https://dati.puglia.it/ckan/dataset/impianti-proposti-via-fer,2026-04-29T14:42:17.427613
5809,project_changed,Trasmesso,puglia,https://dati.puglia.it/ckan/dataset/impianti-proposti-via-fer,2026-04-29T14:42:17.426090
5809,project_changed,Trasmesso,puglia,https://dati.puglia.it/ckan/dataset/impianti-proposti-via-fer,2026-04-29T14:42:17.424464
5809,project_changed,Trasmesso,puglia,https://dati.puglia.it/ckan/dataset/impianti-proposti-via-fer,2026-04-29T14:42:17.422941
5809,project_changed,Trasmesso,puglia,https://dati.puglia.it/ckan/dataset/impianti-proposti-via-fer,2026-04-29T14:42:17.421297
5809,project_changed,Trasmesso,puglia,https://dati.puglia.it/ckan/dataset/impianti-proposti-via-fer,2026-04-29T14:42:17.419584
5809,project_changed,Trasmesso,puglia,https://dati.puglia.it/ckan/dataset/impianti-proposti-via-fer,2026-04-29T14:42:17.417736
5809,project_changed,Trasmesso,puglia,https://dati.puglia.it/ckan/dataset/impianti-proposti-via-fer,2026-04-29T14:42:17.415445
5809,project_changed,Trasmesso,puglia,https://dati.puglia.it/ckan/dataset/impianti-proposti-via-fer,2026-04-29T14:42:17.413839
5809,project_changed,Trasmesso,puglia,https://dati.puglia.it/ckan/dataset/impianti-proposti-via-fer,2026-04-29T14:42:17.412179
5809,project_changed,concluso,puglia,https://dati.puglia.it/ckan/dataset/impianti-proposti-via-fer,2026-04-29T14:42:17.410496
5809,project_changed,Trasmesso,puglia,https://dati.puglia.it/ckan/dataset/impianti-proposti-via-fer,2026-04-29T14:42:17.408595
5809,project_changed,Trasmesso,puglia,https://dati.puglia.it/ckan/dataset/impianti-proposti-via-fer,2026-04-29T14:42:17.406117
5809,project_changed,Trasmesso,puglia,https://dati.puglia.it/ckan/dataset/impianti-proposti-via-fer,2026-04-29T14:42:17.404097
5809,project_changed,Trasmesso,puglia,https://dati.puglia.it/ckan/dataset/impianti-proposti-via-fer,2026-04-29T14:42:17.402196
5809,project_changed,Trasmesso,puglia,https://dati.puglia.it/ckan/dataset/impianti-proposti-via-fer,2026-04-29T14:42:17.399910
5809,project_changed,Trasmesso,puglia,https://dati.puglia.it/ckan/dataset/impianti-proposti-via-fer,2026-04-29T14:42:17.398274
5809,project_changed,Trasmesso,puglia,https://dati.puglia.it/ckan/dataset/impianti-proposti-via-fer,2026-04-29T14:42:17.396675
5809,project_changed,Trasmesso,puglia,https://dati.puglia.it/ckan/dataset/impianti-proposti-via-fer,2026-04-29T14:42:17.395172
5809,project_changed,Trasmesso,puglia,https://dati.puglia.it/ckan/dataset/impianti-proposti-via-fer,2026-04-29T14:42:17.393536
5809,project_changed,Trasmesso,puglia,https://dati.puglia.it/ckan/dataset/impianti-proposti-via-fer,2026-04-29T14:42:17.391644
5809,project_changed,Trasmesso,puglia,https://dati.puglia.it/ckan/dataset/impianti-proposti-via-fer,2026-04-29T14:42:17.389707
5809,project_changed,Trasmesso,puglia,https://dati.puglia.it/ckan/dataset/impianti-proposti-via-fer,2026-04-29T14:42:17.387751
5809,project_changed,Trasmesso,puglia,https://dati.puglia.it/ckan/dataset/impianti-proposti-via-fer,2026-04-29T14:42:17.385384
5809,project_changed,Trasmesso,puglia,https://dati.puglia.it/ckan/dataset/impianti-proposti-via-fer,2026-04-29T14:42:17.383564
5809,project_changed,Trasmesso,puglia,https://dati.puglia.it/ckan/dataset/impianti-proposti-via-fer,2026-04-29T14:42:17.381626
5809,project_changed,Trasmesso,puglia,https://dati.puglia.it/ckan/dataset/impianti-proposti-via-fer,2026-04-29T14:42:17.380111
5809,project_changed,Trasmesso,puglia,https://dati.puglia.it/ckan/dataset/impianti-proposti-via-fer,2026-04-29T14:42:17.378561
5809,project_changed,concluso,puglia,https://dati.puglia.it/ckan/dataset/impianti-proposti-via-fer,2026-04-29T14:42:17.376755
5809,project_changed,Trasmesso,puglia,https://dati.puglia.it/ckan/dataset/impianti-proposti-via-fer,2026-04-29T14:42:17.375146
5809,project_changed,Trasmesso,puglia,https://dati.puglia.it/ckan/dataset/impianti-proposti-via-fer,2026-04-29T14:42:17.373393
5809,project_changed,concluso,puglia,https://dati.puglia.it/ckan/dataset/impianti-proposti-via-fer,2026-04-29T14:42:17.371652
5809,project_changed,Trasmesso,puglia,https://dati.puglia.it/ckan/dataset/impianti-proposti-via-fer,2026-04-29T14:42:17.369679
5809,project_changed,Trasmesso,puglia,https://dati.puglia.it/ckan/dataset/impianti-proposti-via-fer,2026-04-29T14:42:17.367910
5809,project_changed,Trasmesso,puglia,https://dati.puglia.it/ckan/dataset/impianti-proposti-via-fer,2026-04-29T14:42:17.366303
5809,project_changed,Trasmesso,puglia,https://dati.puglia.it/ckan/dataset/impianti-proposti-via-fer,2026-04-29T14:42:17.364651
5809,project_changed,Trasmesso,puglia,https://dati.puglia.it/ckan/dataset/impianti-proposti-via-fer,2026-04-29T14:42:17.363198
5809,project_changed,concluso,puglia,https://dati.puglia.it/ckan/dataset/impianti-proposti-via-fer,2026-04-29T14:42:17.361708
5809,project_changed,Trasmesso,puglia,https://dati.puglia.it/ckan/dataset/impianti-proposti-via-fer,2026-04-29T14:42:17.360205
5809,project_changed,Trasmesso,puglia,https://dati.puglia.it/ckan/dataset/impianti-proposti-via-fer,2026-04-29T14:42:17.358811
5809,project_changed,concluso,puglia,https://dati.puglia.it/ckan/dataset/impianti-proposti-via-fer,2026-04-29T14:42:17.357010
5809,project_changed,Trasmesso,puglia,https://dati.puglia.it/ckan/dataset/impianti-proposti-via-fer,2026-04-29T14:42:17.355311
5809,project_changed,Trasmesso,puglia,https://dati.puglia.it/ckan/dataset/impianti-proposti-via-fer,2026-04-29T14:42:17.353488
5809,project_changed,Trasmesso,puglia,https://dati.puglia.it/ckan/dataset/impianti-proposti-via-fer,2026-04-29T14:42:17.351880
5809,project_changed,Trasmesso,puglia,https://dati.puglia.it/ckan/dataset/impianti-proposti-via-fer,2026-04-29T14:42:17.350335
5809,project_changed,concluso,puglia,https://dati.puglia.it/ckan/dataset/impianti-proposti-via-fer,2026-04-29T14:42:17.348838
5809,project_changed,Trasmesso,puglia,https://dati.puglia.it/ckan/dataset/impianti-proposti-via-fer,2026-04-29T14:42:17.347330
5809,project_changed,concluso,puglia,https://dati.puglia.it/ckan/dataset/impianti-proposti-via-fer,2026-04-29T14:42:17.345766
5809,project_changed,Trasmesso,puglia,https://dati.puglia.it/ckan/dataset/impianti-proposti-via-fer,2026-04-29T14:42:17.344200
5809,project_changed,Trasmesso,puglia,https://dati.puglia.it/ckan/dataset/impianti-proposti-via-fer,2026-04-29T14:42:17.342617
5809,project_changed,Trasmesso,puglia,https://dati.puglia.it/ckan/dataset/impianti-proposti-via-fer,2026-04-29T14:42:17.340964
5809,project_changed,Trasmesso,puglia,https://dati.puglia.it/ckan/dataset/impianti-proposti-via-fer,2026-04-29T14:42:17.339129
5809,project_changed,Trasmesso,puglia,https://dati.puglia.it/ckan/dataset/impianti-proposti-via-fer,2026-04-29T14:42:17.337260
5809,project_changed,Trasmesso,puglia,https://dati.puglia.it/ckan/dataset/impianti-proposti-via-fer,2026-04-29T14:42:17.335742
5809,project_changed,Trasmesso,puglia,https://dati.puglia.it/ckan/dataset/impianti-proposti-via-fer,2026-04-29T14:42:17.334199
5809,project_changed,Trasmesso,puglia,https://dati.puglia.it/ckan/dataset/impianti-proposti-via-fer,2026-04-29T14:42:17.332699
5809,project_changed,Trasmesso,puglia,https://dati.puglia.it/ckan/dataset/impianti-proposti-via-fer,2026-04-29T14:42:17.331134
5809,project_changed,Trasmesso,puglia,https://dati.puglia.it/ckan/dataset/impianti-proposti-via-fer,2026-04-29T14:42:17.329646
5809,project_changed,Trasmesso,puglia,https://dati.puglia.it/ckan/dataset/impianti-proposti-via-fer,2026-04-29T14:42:17.328028
5809,project_changed,Trasmesso,puglia,https://dati.puglia.it/ckan/dataset/impianti-proposti-via-fer,2026-04-29T14:42:17.326369
5809,project_changed,Trasmesso,puglia,https://dati.puglia.it/ckan/dataset/impianti-proposti-via-fer,2026-04-29T14:42:17.324463
5809,project_changed,Trasmesso,puglia,https://dati.puglia.it/ckan/dataset/impianti-proposti-via-fer,2026-04-29T14:42:17.322139
5809,project_changed,Trasmesso,puglia,https://dati.puglia.it/ckan/dataset/impianti-proposti-via-fer,2026-04-29T14:42:17.320413
5809,project_changed,Trasmesso,puglia,https://dati.puglia.it/ckan/dataset/impianti-proposti-via-fer,2026-04-29T14:42:17.318779
5809,project_changed,Trasmesso,puglia,https://dati.puglia.it/ckan/dataset/impianti-proposti-via-fer,2026-04-29T14:42:17.317247
5809,project_changed,Trasmesso,puglia,https://dati.puglia.it/ckan/dataset/impianti-proposti-via-fer,2026-04-29T14:42:17.315572
5809,project_changed,Trasmesso,puglia,https://dati.puglia.it/ckan/dataset/impianti-proposti-via-fer,2026-04-29T14:42:17.313687
5809,project_changed,Trasmesso,puglia,https://dati.puglia.it/ckan/dataset/impianti-proposti-via-fer,2026-04-29T14:42:17.311592
5809,project_changed,Trasmesso,puglia,https://dati.puglia.it/ckan/dataset/impianti-proposti-via-fer,2026-04-29T14:42:17.309446
5809,project_changed,Trasmesso,puglia,https://dati.puglia.it/ckan/dataset/impianti-proposti-via-fer,2026-04-29T14:42:17.306300
5809,project_changed,Trasmesso,puglia,https://dati.puglia.it/ckan/dataset/impianti-proposti-via-fer,2026-04-29T14:42:17.304568
5809,project_changed,Trasmesso,puglia,https://dati.puglia.it/ckan/dataset/impianti-proposti-via-fer,2026-04-29T14:42:17.303023
5809,project_changed,Trasmesso,puglia,https://dati.puglia.it/ckan/dataset/impianti-proposti-via-fer,2026-04-29T14:42:17.301469
5809,project_changed,Trasmesso,puglia,https://dati.puglia.it/ckan/dataset/impianti-proposti-via-fer,2026-04-29T14:42:17.299893
5809,project_changed,Trasmesso,puglia,https://dati.puglia.it/ckan/dataset/impianti-proposti-via-fer,2026-04-29T14:42:17.298403
5809,project_changed,Trasmesso,puglia,https://dati.puglia.it/ckan/dataset/impianti-proposti-via-fer,2026-04-29T14:42:17.296868
5809,project_changed,Trasmesso,puglia,https://dati.puglia.it/ckan/dataset/impianti-proposti-via-fer,2026-04-29T14:42:17.295322
5809,project_changed,Trasmesso,puglia,https://dati.puglia.it/ckan/dataset/impianti-proposti-via-fer,2026-04-29T14:42:17.293576
5809,project_changed,Trasmesso,puglia,https://dati.puglia.it/ckan/dataset/impianti-proposti-via-fer,2026-04-29T14:42:17.291866
5809,project_changed,Trasmesso,puglia,https://dati.puglia.it/ckan/dataset/impianti-proposti-via-fer,2026-04-29T14:42:17.290106
5809,project_changed,Trasmesso,puglia,https://dati.puglia.it/ckan/dataset/impianti-proposti-via-fer,2026-04-29T14:42:17.288480
5809,project_changed,Trasmesso,puglia,https://dati.puglia.it/ckan/dataset/impianti-proposti-via-fer,2026-04-29T14:42:17.286886
5809,project_changed,Trasmesso,puglia,https://dati.puglia.it/ckan/dataset/impianti-proposti-via-fer,2026-04-29T14:42:17.285359
5809,project_changed,Trasmesso,puglia,https://dati.puglia.it/ckan/dataset/impianti-proposti-via-fer,2026-04-29T14:42:17.283721
5809,project_changed,Trasmesso,puglia,https://dati.puglia.it/ckan/dataset/impianti-proposti-via-fer,2026-04-29T14:42:17.282137
5809,project_changed,Trasmesso,puglia,https://dati.puglia.it/ckan/dataset/impianti-proposti-via-fer,2026-04-29T14:42:17.280476
5809,project_changed,Aperto,puglia,https://dati.puglia.it/ckan/dataset/impianti-proposti-via-fer,2026-04-29T14:42:17.278833
5809,project_changed,Trasmesso,puglia,https://dati.puglia.it/ckan/dataset/impianti-proposti-via-fer,2026-04-29T14:42:17.276860
5809,project_changed,Trasmesso,puglia,https://dati.puglia.it/ckan/dataset/impianti-proposti-via-fer,2026-04-29T14:42:17.274755
5809,project_changed,Trasmesso,puglia,https://dati.puglia.it/ckan/dataset/impianti-proposti-via-fer,2026-04-29T14:42:17.273079
5809,project_changed,Trasmesso,puglia,https://dati.puglia.it/ckan/dataset/impianti-proposti-via-fer,2026-04-29T14:42:17.271447
5809,project_changed,Trasmesso,puglia,https://dati.puglia.it/ckan/dataset/impianti-proposti-via-fer,2026-04-29T14:42:17.269690
5809,project_changed,Trasmesso,puglia,https://dati.puglia.it/ckan/dataset/impianti-proposti-via-fer,2026-04-29T14:42:17.267808
5809,project_changed,Trasmesso,puglia,https://dati.puglia.it/ckan/dataset/impianti-proposti-via-fer,2026-04-29T14:42:17.265898
5809,project_changed,Trasmesso,puglia,https://dati.puglia.it/ckan/dataset/impianti-proposti-via-fer,2026-04-29T14:42:17.263928
5809,project_changed,Trasmesso,puglia,https://dati.puglia.it/ckan/dataset/impianti-proposti-via-fer,2026-04-29T14:42:17.261771
5809,project_changed,Trasmesso,puglia,https://dati.puglia.it/ckan/dataset/impianti-proposti-via-fer,2026-04-29T14:42:17.259576
5809,project_changed,Trasmesso,puglia,https://dati.puglia.it/ckan/dataset/impianti-proposti-via-fer,2026-04-29T14:42:17.257839
5809,project_changed,Trasmesso,puglia,https://dati.puglia.it/ckan/dataset/impianti-proposti-via-fer,2026-04-29T14:42:17.256324
5809,project_changed,Trasmesso,puglia,https://dati.puglia.it/ckan/dataset/impianti-proposti-via-fer,2026-04-29T14:42:17.254763
5809,project_changed,Trasmesso,puglia,https://dati.puglia.it/ckan/dataset/impianti-proposti-via-fer,2026-04-29T14:42:17.253046
5809,project_changed,Trasmesso,puglia,https://dati.puglia.it/ckan/dataset/impianti-proposti-via-fer,2026-04-29T14:42:17.251379
5809,project_changed,Trasmesso,puglia,https://dati.puglia.it/ckan/dataset/impianti-proposti-via-fer,2026-04-29T14:42:17.249713
5809,project_changed,Trasmesso,puglia,https://dati.puglia.it/ckan/dataset/impianti-proposti-via-fer,2026-04-29T14:42:17.247952
5809,project_changed,Trasmesso,puglia,https://dati.puglia.it/ckan/dataset/impianti-proposti-via-fer,2026-04-29T14:42:17.246187
5809,project_changed,Trasmesso,puglia,https://dati.puglia.it/ckan/dataset/impianti-proposti-via-fer,2026-04-29T14:42:17.244283
5809,project_changed,Trasmesso,puglia,https://dati.puglia.it/ckan/dataset/impianti-proposti-via-fer,2026-04-29T14:42:17.242771
5809,project_changed,Trasmesso,puglia,https://dati.puglia.it/ckan/dataset/impianti-proposti-via-fer,2026-04-29T14:42:17.241105
5809,project_changed,Trasmesso,puglia,https://dati.puglia.it/ckan/dataset/impianti-proposti-via-fer,2026-04-29T14:42:17.239613
5809,project_changed,Trasmesso,puglia,https://dati.puglia.it/ckan/dataset/impianti-proposti-via-fer,2026-04-29T14:42:17.237952
5809,project_changed,Trasmesso,puglia,https://dati.puglia.it/ckan/dataset/impianti-proposti-via-fer,2026-04-29T14:42:17.236205
5809,project_changed,Trasmesso,puglia,https://dati.puglia.it/ckan/dataset/impianti-proposti-via-fer,2026-04-29T14:42:17.234631
5809,project_changed,Trasmesso,puglia,https://dati.puglia.it/ckan/dataset/impianti-proposti-via-fer,2026-04-29T14:42:17.232991
5809,project_changed,Trasmesso,puglia,https://dati.puglia.it/ckan/dataset/impianti-proposti-via-fer,2026-04-29T14:42:17.231442
5809,project_changed,Trasmesso,puglia,https://dati.puglia.it/ckan/dataset/impianti-proposti-via-fer,2026-04-29T14:42:17.229695
5809,project_changed,Trasmesso,puglia,https://dati.puglia.it/ckan/dataset/impianti-proposti-via-fer,2026-04-29T14:42:17.227973
5809,project_changed,Trasmesso,puglia,https://dati.puglia.it/ckan/dataset/impianti-proposti-via-fer,2026-04-29T14:42:17.226418
5809,project_changed,Trasmesso,puglia,https://dati.puglia.it/ckan/dataset/impianti-proposti-via-fer,2026-04-29T14:42:17.224946
5809,project_changed,Trasmesso,puglia,https://dati.puglia.it/ckan/dataset/impianti-proposti-via-fer,2026-04-29T14:42:17.223346
5809,project_changed,Trasmesso,puglia,https://dati.puglia.it/ckan/dataset/impianti-proposti-via-fer,2026-04-29T14:42:17.221783
5809,project_changed,Trasmesso,puglia,https://dati.puglia.it/ckan/dataset/impianti-proposti-via-fer,2026-04-29T14:42:17.220013
5809,project_changed,Trasmesso,puglia,https://dati.puglia.it/ckan/dataset/impianti-proposti-via-fer,2026-04-29T14:42:17.218266
5809,project_changed,Trasmesso,puglia,https://dati.puglia.it/ckan/dataset/impianti-proposti-via-fer,2026-04-29T14:42:17.216704
5809,project_changed,Trasmesso,puglia,https://dati.puglia.it/ckan/dataset/impianti-proposti-via-fer,2026-04-29T14:42:17.214951
5809,project_changed,Trasmesso,puglia,https://dati.puglia.it/ckan/dataset/impianti-proposti-via-fer,2026-04-29T14:42:17.213162
5809,project_changed,Trasmesso,puglia,https://dati.puglia.it/ckan/dataset/impianti-proposti-via-fer,2026-04-29T14:42:17.211720
5809,project_changed,Trasmesso,puglia,https://dati.puglia.it/ckan/dataset/impianti-proposti-via-fer,2026-04-29T14:42:17.210332
5809,project_changed,Trasmesso,puglia,https://dati.puglia.it/ckan/dataset/impianti-proposti-via-fer,2026-04-29T14:42:17.208710
1810,project_changed,Progetti in valutazione,terna_econnextion,https://dati.terna.it/download-center,2026-04-29T14:28:35.255575
7117,project_changed,positivo,mase_provvedimenti,https://va.mite.gov.it/it-IT/Comunicazione/DettaglioUltimiProvvedimenti/5879,2026-04-29T14:28:32.281010
1152,project_changed,CONCLUSA,piemonte,http://www.sistemapiemonte.it/skvia/HomePage.do?ricerca=ArchivioProgetti,2026-04-29T14:26:38.651223
3054,project_changed,,lazio,https://regionelazio.box.com/v/VIA-130-2020,2026-04-29T14:25:15.203046
2895,project_changed,positivo,lazio,https://eur05.safelinks.protection.outlook.com/?url=https%3A%2F%2Fregionelazio.app.box.com%2Fv%2FVIA-044-2022&data=05%7C02%7Credazioneweb%40regione.lazio.it%7C223364e343914dba823c08dd2fcfcb64%7C64e64a64fc734b3c9278af7b68d66544%7C0%7C0%7C638719292222250330%7CUnknown%7CTWFpbGZsb3d8eyJFbXB0eU1hcGkiOnRydWUsIlYiOiIwLjAuMDAwMCIsIlAiOiJXaW4zMiIsIkFOIjoiTWFpbCIsIldUIjoyfQ%3D%3D%7C0%7C%7C%7C&sdata=GmY0lHiJYvEKfQW7q4l23ZLCwBtd9pYIozxM%2FHqlZ78%3D&reserved=0,2026-04-29T14:25:14.610035
6237,project_changed,Aperto,puglia,https://dati.puglia.it/ckan/dataset/impianti-proposti-via-fer,2026-04-29T14:24:10.958668
6326,project_changed,concluso,puglia,https://dati.puglia.it/ckan/dataset/impianti-proposti-via-fer,2026-04-29T14:24:10.702365
597,project_changed,concluso,puglia,https://dati.puglia.it/ckan/dataset/impianti-proposti-via-fer,2026-04-29T14:24:09.731083
6311,project_changed,Trasmesso,puglia,https://dati.puglia.it/ckan/dataset/impianti-proposti-via-fer,2026-04-29T14:24:09.353652
5143,project_changed,concluso,sicilia,https://si-vvi.regione.sicilia.it/viavas/index.php/it/component/fabrik/list/30?Itemid=332&procedura___oggetto_raw=1613&limitstart30=0&resetfilters=1&fabrik_incsessionfilters=0,2026-04-29T14:24:07.380707
5819,project_changed,concluso,sicilia,https://si-vvi.regione.sicilia.it/viavas/index.php/it/component/fabrik/list/30?Itemid=332&procedura___oggetto_raw=1585&limitstart30=0&resetfilters=1&fabrik_incsessionfilters=0,2026-04-29T14:24:07.320427
5071,project_changed,concluso,sicilia,https://si-vvi.regione.sicilia.it/viavas/index.php/it/component/fabrik/list/30?Itemid=332&procedura___oggetto_raw=1314&limitstart30=0&resetfilters=1&fabrik_incsessionfilters=0,2026-04-29T14:24:06.813341
3785,project_changed,in_corso,emilia_romagna,https://serviziambiente.regione.emilia-romagna.it/viavasweb/ricerca/dettaglio/6876,2026-04-29T14:22:52.984897
3783,project_changed,in_corso,emilia_romagna,https://serviziambiente.regione.emilia-romagna.it/viavasweb/ricerca/dettaglio/6658,2026-04-29T14:22:52.965831
3782,project_changed,in_corso,emilia_romagna,https://serviziambiente.regione.emilia-romagna.it/viavasweb/ricerca/dettaglio/6717,2026-04-29T14:22:52.921956
3781,project_changed,in_corso,emilia_romagna,https://serviziambiente.regione.emilia-romagna.it/viavasweb/ricerca/dettaglio/6819,2026-04-29T14:22:52.898699
3779,project_changed,in_corso,emilia_romagna,https://serviziambiente.regione.emilia-romagna.it/viavasweb/ricerca/dettaglio/6894,2026-04-29T14:22:52.800281
3778,project_changed,in_corso,emilia_romagna,https://serviziambiente.regione.emilia-romagna.it/viavasweb/ricerca/dettaglio/6698,2026-04-29T14:22:52.749792
3777,project_changed,in_corso,emilia_romagna,https://serviziambiente.regione.emilia-romagna.it/viavasweb/ricerca/dettaglio/6901,2026-04-29T14:22:52.744163
